{
    "Gene1": {
        "InputLayer": {
            "Node0": {
                "Weight": 0.6142918467521667
            },
            "Node1": {
                "Weight": -0.1827600598335266
            },
            "Node2": {
                "Weight": 0.6523606181144714
            },
            "Node3": {
                "Weight": -0.30264899134635925
            }
        },
        "Layer1": {
            "Node0": {
                "Bias": 0.49196749925613403,
                "Weight": -0.43480023741722107
            },
            "Node1": {
                "Bias": 0.6468916535377502,
                "Weight": -0.196688711643219
            },
            "Node2": {
                "Bias": 0.13272804021835327,
                "Weight": -0.07427901029586792
            },
            "Node3": {
                "Bias": 0.05415511131286621,
                "Weight": -0.1346079707145691
            }
        },
        "Score": 0
    },
    "Gene10": {
        "InputLayer": {
            "Node0": {
                "Weight": 0.5996368527412415
            },
            "Node1": {
                "Weight": -0.322302907705307
            },
            "Node2": {
                "Weight": 0.2135227918624878
            },
            "Node3": {
                "Weight": -0.5893825888633728
            }
        },
        "Layer1": {
            "Node0": {
                "Bias": 0.5194403529167175,
                "Weight": -0.439072847366333
            },
            "Node1": {
                "Bias": 0.1385815143585205,
                "Weight": 0.4124118685722351
            },
            "Node2": {
                "Bias": 0.3190130591392517,
                "Weight": -0.08611404895782471
            },
            "Node3": {
                "Bias": 0.231040358543396,
                "Weight": -0.36652424931526184
            }
        },
        "Score": 0
    },
    "Gene2": {
        "InputLayer": {
            "Node0": {
                "Weight": 0.3238838315010071
            },
            "Node1": {
                "Weight": -0.2362101972103119
            },
            "Node2": {
                "Weight": -0.5368297100067139
            },
            "Node3": {
                "Weight": 0.0834650993347168
            }
        },
        "Layer1": {
            "Node0": {
                "Bias": -0.6976928114891052,
                "Weight": 0.23979920148849487
            },
            "Node1": {
                "Bias": -0.4608203172683716,
                "Weight": 0.07163000106811523
            },
            "Node2": {
                "Bias": 0.38579362630844116,
                "Weight": -0.22864770889282227
            },
            "Node3": {
                "Bias": -0.3863917887210846,
                "Weight": -0.5374279022216797
            }
        },
        "Score": 0
    },
    "Gene3": {
        "InputLayer": {
            "Node0": {
                "Weight": 0.291967511177063
            },
            "Node1": {
                "Weight": 0.33614617586135864
            },
            "Node2": {
                "Weight": 0.6454389691352844
            },
            "Node3": {
                "Weight": 0.0538560152053833
            }
        },
        "Layer1": {
            "Node0": {
                "Bias": 0.13336896896362305,
                "Weight": -0.6659901738166809
            },
            "Node1": {
                "Bias": -0.22193974256515503,
                "Weight": -0.3529801070690155
            },
            "Node2": {
                "Bias": 0.31709033250808716,
                "Weight": 0.6472762227058411
            },
            "Node3": {
                "Bias": -0.46282845735549927,
                "Weight": -0.6171544194221497
            }
        },
        "Score": 0
    },
    "Gene4": {
        "InputLayer": {
            "Node0": {
                "Weight": -0.6128391027450562
            },
            "Node1": {
                "Weight": 0.09534287452697754
            },
            "Node2": {
                "Weight": -0.09457379579544067
            },
            "Node3": {
                "Weight": -0.15601366758346558
            }
        },
        "Layer1": {
            "Node0": {
                "Bias": 0.0542832612991333,
                "Weight": -0.29653918743133545
            },
            "Node1": {
                "Bias": 0.5126468539237976,
                "Weight": 0.2497970461845398
            },
            "Node2": {
                "Bias": -0.2367229163646698,
                "Weight": -0.5031189918518066
            },
            "Node3": {
                "Bias": 0.45210427045822144,
                "Weight": 0.19374066591262817
            }
        },
        "Score": 0
    },
    "Gene5": {
        "InputLayer": {
            "Node0": {
                "Weight": -0.38716083765029907
            },
            "Node1": {
                "Weight": 0.46834009885787964
            },
            "Node2": {
                "Weight": -0.647746205329895
            },
            "Node3": {
                "Weight": -0.1418713927268982
            }
        },
        "Layer1": {
            "Node0": {
                "Bias": -0.032023072242736816,
                "Weight": 0.2412518858909607
            },
            "Node1": {
                "Bias": 0.646934449672699,
                "Weight": 0.12486648559570313
            },
            "Node2": {
                "Bias": -0.33435162901878357,
                "Weight": -0.209335595369339
            },
            "Node3": {
                "Bias": 0.27397990226745605,
                "Weight": -0.6860713362693787
            }
        },
        "Score": 0
    },
    "Gene6": {
        "InputLayer": {
            "Node0": {
                "Weight": -0.39382609724998474
            },
            "Node1": {
                "Weight": -0.3086306154727936
            },
            "Node2": {
                "Weight": 0.1337534785270691
            },
            "Node3": {
                "Weight": -0.017368078231811523
            }
        },
        "Layer1": {
            "Node0": {
                "Bias": 0.6877804398536682,
                "Weight": 0.39895325899124146
            },
            "Node1": {
                "Bias": 0.2256569266319275,
                "Weight": 0.028263211250305176
            },
            "Node2": {
                "Bias": -0.6469771265983582,
                "Weight": -0.6432172656059265
            },
            "Node3": {
                "Bias": 0.10324716567993164,
                "Weight": 0.016855359077453613
            }
        },
        "Score": 0
    },
    "Gene7": {
        "InputLayer": {
            "Node0": {
                "Weight": 0.40476399660110474
            },
            "Node1": {
                "Weight": 0.5353770852088928
            },
            "Node2": {
                "Weight": -0.6139500141143799
            },
            "Node3": {
                "Weight": 0.16203802824020386
            }
        },
        "Layer1": {
            "Node0": {
                "Bias": -0.6278786659240723,
                "Weight": 0.3833155035972595
            },
            "Node1": {
                "Bias": 0.19809871912002563,
                "Weight": 0.4472762942314148
            },
            "Node2": {
                "Bias": -0.3323007822036743,
                "Weight": 0.014249086380004883
            },
            "Node3": {
                "Bias": -0.19186067581176758,
                "Weight": -0.22236701846122742
            }
        },
        "Score": 0
    },
    "Gene8": {
        "InputLayer": {
            "Node0": {
                "Weight": 0.6842768788337708
            },
            "Node1": {
                "Weight": 0.6347147822380066
            },
            "Node2": {
                "Weight": 0.6718009114265442
            },